{"sequential": 0.005574,"parallel": [0.011244, 0.011067, 0.015194, 0.016362, 0.020287, 0.021234, 0.021445, 0.02269, 0.02561, 0.02513, 0.028801, 0.028906, 0.030492, 0.031439, 0.031585, 0.032872, 0.034686, 0.034909, 0.032194, 0.036366, 0.041206, 0.038354, 0.039217, 0.034823, 0.039489, 0.0384, 0.037372, 0.038178, 0.039627, 0.038073, 0.039306, 0.035608]}
