{"sequential": 0.004336,"parallel": [0.010752, 0.015328, 0.015506, 0.019286, 0.021163, 0.023506, 0.027311, 0.02854, 0.031613, 0.037822, 0.035982, 0.038545, 0.040803, 0.03767, 0.040535, 0.041414, 0.047318, 0.043641, 0.04469, 0.048798, 0.051058, 0.044983, 0.046214, 0.045478, 0.046658, 0.049155, 0.048941, 0.048127, 0.048874, 0.05305, 0.053023, 0.052514]}
