{"sequential": 0.004189,"parallel": [0.016237, 0.013209, 0.016759, 0.01994, 0.021179, 0.025661, 0.026871, 0.027951, 0.032157, 0.03221, 0.036007, 0.037668, 0.040832, 0.040157, 0.042452, 0.043013, 0.043604, 0.043149, 0.043463, 0.04835, 0.044195, 0.047362, 0.04511, 0.050586, 0.044874, 0.052767, 0.047772, 0.051824, 0.054486, 0.053087, 0.047644, 0.054127]}
