{"sequential": 0.005129,"parallel": [0.011294, 0.011011, 0.012622, 0.012318, 0.014256, 0.012835, 0.01142, 0.009578, 0.010869, 0.013008, 0.01357, 0.012435, 0.010702, 0.010986, 0.015182, 0.014351, 0.010145, 0.011943, 0.015447, 0.013545, 0.013102, 0.014168, 0.010954, 0.011963, 0.011374, 0.011135, 0.010056, 0.012926, 0.010063, 0.012868, 0.012491, 0.010933]}
