{"sequential": 0.006045,"parallel": [0.013834, 0.011824, 0.012835, 0.011162, 0.012341, 0.014007, 0.011882, 0.012329, 0.017363, 0.011074, 0.013361, 0.016365, 0.014707, 0.014223, 0.019052, 0.016297, 0.015881, 0.016307, 0.015363, 0.015211, 0.016249, 0.013312, 0.013675, 0.014568, 0.013723, 0.016149, 0.013114, 0.013126, 0.015646, 0.016273, 0.012584, 0.015263]}
