{"sequential": 0.004547,"parallel": [0.012015, 0.013874, 0.015542, 0.019953, 0.021576, 0.023891, 0.027602, 0.028633, 0.036545, 0.035749, 0.038223, 0.038793, 0.039572, 0.041059, 0.040242, 0.044949, 0.045317, 0.047739, 0.046444, 0.040137, 0.042419, 0.045415, 0.044142, 0.041722, 0.045211, 0.045087, 0.048479, 0.041375, 0.038565, 0.04721, 0.049128, 0.045275]}
