{"sequential": 0.004459,"parallel": [0.012315, 0.010757, 0.009923, 0.013892, 0.011167, 0.010733, 0.014577, 0.012834, 0.01384, 0.012531, 0.014528, 0.015598, 0.013528, 0.019237, 0.015452, 0.014631, 0.015433, 0.014287, 0.01616, 0.016873, 0.015315, 0.016771, 0.017285, 0.015769, 0.017381, 0.018684, 0.016165, 0.015601, 0.021617, 0.015956, 0.017111, 0.016278]}
