{"sequential": 0.003646,"parallel": [0.011949, 0.011157, 0.01153, 0.008774, 0.011233, 0.010591, 0.008662, 0.014823, 0.0105, 0.015925, 0.015, 0.011177, 0.011589, 0.011411, 0.01124, 0.012291, 0.012492, 0.01146, 0.010884, 0.011529, 0.010721, 0.011978, 0.012808, 0.012867, 0.015691, 0.012466, 0.012738, 0.01312, 0.01226, 0.011897, 0.013661, 0.011786]}
